GRE Score,TOEFL Score,University Rating,SOP,LOR,CGPA,Research,label,prediction,confidence
337,118,4,4.5,4.5,9.65,1,>= 75% chance of admission,>= 75% chance of admission,0.9985151646822265
324,107,4,4.0,4.5,8.87,1,>= 75% chance of admission,>= 75% chance of admission,0.8806658998518905
316,104,3,3.0,3.5,8.0,1,< 75% chance of admission,< 75% chance of admission,0.9245728628807196
322,110,3,3.5,2.5,8.67,1,>= 75% chance of admission,>= 75% chance of admission,0.5563412601493174
314,103,2,2.0,3.0,8.21,0,< 75% chance of admission,< 75% chance of admission,0.976245185885406
330,115,5,4.5,3.0,9.34,1,>= 75% chance of admission,>= 75% chance of admission,0.9890521554055032
321,109,3,3.0,4.0,8.2,1,>= 75% chance of admission,< 75% chance of admission,0.6994191320972873
308,101,2,3.0,4.0,7.9,0,< 75% chance of admission,< 75% chance of admission,0.9884295457588045
302,102,1,2.0,1.5,8.0,0,< 75% chance of admission,< 75% chance of admission,0.9982031113032475
323,108,3,3.5,3.0,8.6,0,< 75% chance of admission,< 75% chance of admission,0.6148719002705356
325,106,3,3.5,4.0,8.4,1,< 75% chance of admission,< 75% chance of admission,0.5150986578077785
327,111,4,4.0,4.5,9.0,1,>= 75% chance of admission,>= 75% chance of admission,0.9525682535268852
328,112,4,4.0,4.5,9.1,1,>= 75% chance of admission,>= 75% chance of admission,0.9694532103685457
307,109,3,4.0,3.0,8.0,1,< 75% chance of admission,< 75% chance of admission,0.9270822684910427
311,104,3,3.5,2.0,8.2,1,< 75% chance of admission,< 75% chance of admission,0.9410735556092668
314,105,3,3.5,2.5,8.3,0,< 75% chance of admission,< 75% chance of admission,0.9264623032641207
317,107,3,4.0,3.0,8.7,0,< 75% chance of admission,< 75% chance of admission,0.6401754455331897
319,106,3,4.0,3.0,8.0,1,< 75% chance of admission,< 75% chance of admission,0.8657338900687045
318,110,3,4.0,3.0,8.8,0,< 75% chance of admission,>= 75% chance of admission,0.5199665836861013
303,102,3,3.5,3.0,8.5,0,< 75% chance of admission,< 75% chance of admission,0.9510985586289742
312,107,3,3.0,2.0,7.9,1,< 75% chance of admission,< 75% chance of admission,0.9684748264250935
325,114,4,3.0,2.0,8.4,0,< 75% chance of admission,< 75% chance of admission,0.6324400595701711
328,116,5,5.0,5.0,9.5,1,>= 75% chance of admission,>= 75% chance of admission,0.9972788988680338
334,119,5,5.0,4.5,9.7,1,>= 75% chance of admission,>= 75% chance of admission,0.9991240478162214
336,119,5,4.0,3.5,9.8,1,>= 75% chance of admission,>= 75% chance of admission,0.9987273541927629
340,120,5,4.5,4.5,9.6,1,>= 75% chance of admission,>= 75% chance of admission,0.9992138767017014
322,109,5,4.5,3.5,8.8,0,>= 75% chance of admission,>= 75% chance of admission,0.7987032402058009
298,98,2,1.5,2.5,7.5,1,< 75% chance of admission,< 75% chance of admission,0.9993248378190306
295,93,1,2.0,2.0,7.2,0,< 75% chance of admission,< 75% chance of admission,0.9999442136828305
310,99,2,1.5,2.0,7.3,0,< 75% chance of admission,< 75% chance of admission,0.9994848493409069
300,97,2,3.0,3.0,8.1,1,< 75% chance of admission,< 75% chance of admission,0.9915323909631207
327,103,3,4.0,4.0,8.3,1,< 75% chance of admission,< 75% chance of admission,0.5671098223654075
338,118,4,3.0,4.5,9.4,1,>= 75% chance of admission,>= 75% chance of admission,0.9949992759918523
340,114,5,4.0,4.0,9.6,1,>= 75% chance of admission,>= 75% chance of admission,0.997861393779397
331,112,5,4.0,5.0,9.8,1,>= 75% chance of admission,>= 75% chance of admission,0.9979293811177268
320,110,5,5.0,5.0,9.2,1,>= 75% chance of admission,>= 75% chance of admission,0.9786812611622964
299,106,2,4.0,4.0,8.4,0,< 75% chance of admission,< 75% chance of admission,0.9475771798546998
300,105,1,1.0,2.0,7.8,0,< 75% chance of admission,< 75% chance of admission,0.9990315583260567
304,105,1,3.0,1.5,7.5,0,< 75% chance of admission,< 75% chance of admission,0.9989310880723451
307,108,2,4.0,3.5,7.7,0,< 75% chance of admission,< 75% chance of admission,0.985060768651389
308,110,3,3.5,3.0,8.0,1,< 75% chance of admission,< 75% chance of admission,0.9285308886881679
316,105,2,2.5,2.5,8.2,1,< 75% chance of admission,< 75% chance of admission,0.942512850934797
313,107,2,2.5,2.0,8.5,1,< 75% chance of admission,< 75% chance of admission,0.9017060088286749
332,117,4,4.5,4.0,9.1,0,>= 75% chance of admission,>= 75% chance of admission,0.9756089731779136
326,113,5,4.5,4.0,9.4,1,>= 75% chance of admission,>= 75% chance of admission,0.9895958698612063
322,110,5,5.0,4.0,9.1,1,>= 75% chance of admission,>= 75% chance of admission,0.9645360230144705
329,114,5,4.0,5.0,9.3,1,>= 75% chance of admission,>= 75% chance of admission,0.992064838282731
339,119,5,4.5,4.0,9.7,0,>= 75% chance of admission,>= 75% chance of admission,0.9984244051529733
321,110,3,3.5,5.0,8.85,1,>= 75% chance of admission,>= 75% chance of admission,0.8411331557400984
327,111,4,3.0,4.0,8.4,1,>= 75% chance of admission,>= 75% chance of admission,0.6745353331220414
313,98,3,2.5,4.5,8.3,1,>= 75% chance of admission,< 75% chance of admission,0.9095025373366071
312,100,2,1.5,3.5,7.9,1,< 75% chance of admission,< 75% chance of admission,0.98839690306031
334,116,4,4.0,3.0,8.0,1,>= 75% chance of admission,>= 75% chance of admission,0.6641235482918688
324,112,4,4.0,2.5,8.1,1,< 75% chance of admission,< 75% chance of admission,0.6122073674523284
322,110,3,3.0,3.5,8.0,0,< 75% chance of admission,< 75% chance of admission,0.8818855044025105
320,103,3,3.0,3.0,7.7,0,< 75% chance of admission,< 75% chance of admission,0.9802242108741797
316,102,3,2.0,3.0,7.4,0,< 75% chance of admission,< 75% chance of admission,0.9961794672558957
298,99,2,4.0,2.0,7.6,0,< 75% chance of admission,< 75% chance of admission,0.998776718229178
300,99,1,3.0,2.0,6.8,1,< 75% chance of admission,< 75% chance of admission,0.999864638687009
311,104,2,2.0,2.0,8.3,0,< 75% chance of admission,< 75% chance of admission,0.9823777807499311
309,100,2,3.0,3.0,8.1,0,< 75% chance of admission,< 75% chance of admission,0.9868843052020452
307,101,3,4.0,3.0,8.2,0,< 75% chance of admission,< 75% chance of admission,0.9667624740309773
304,105,2,3.0,3.0,8.2,1,< 75% chance of admission,< 75% chance of admission,0.9666486865574674
315,107,2,4.0,3.0,8.5,1,< 75% chance of admission,< 75% chance of admission,0.7383907955386081
325,111,3,3.0,3.5,8.7,0,< 75% chance of admission,>= 75% chance of admission,0.5675789149166511
325,112,4,3.5,3.5,8.92,0,< 75% chance of admission,>= 75% chance of admission,0.8198591235663324
327,114,3,3.0,3.0,9.02,0,< 75% chance of admission,>= 75% chance of admission,0.8044240136858535
316,107,2,3.5,3.5,8.64,1,< 75% chance of admission,< 75% chance of admission,0.6378475211487122
318,109,3,3.5,4.0,9.22,1,< 75% chance of admission,>= 75% chance of admission,0.8742392849280038
328,115,4,4.5,4.0,9.16,1,>= 75% chance of admission,>= 75% chance of admission,0.9805243519493431
332,118,5,5.0,5.0,9.64,1,>= 75% chance of admission,>= 75% chance of admission,0.9989048462098965
336,112,5,5.0,5.0,9.76,1,>= 75% chance of admission,>= 75% chance of admission,0.9989712765242081
321,111,5,5.0,5.0,9.45,1,>= 75% chance of admission,>= 75% chance of admission,0.9909842590894777
314,108,4,4.5,4.0,9.04,1,>= 75% chance of admission,>= 75% chance of admission,0.8522848997987936
314,106,3,3.0,5.0,8.9,0,< 75% chance of admission,>= 75% chance of admission,0.512139292735442
329,114,2,2.0,4.0,8.56,1,< 75% chance of admission,>= 75% chance of admission,0.6371020762413344
327,112,3,3.0,3.0,8.72,1,< 75% chance of admission,>= 75% chance of admission,0.7256330113722137
301,99,2,3.0,2.0,8.22,0,< 75% chance of admission,< 75% chance of admission,0.9942218661351773
296,95,2,3.0,2.0,7.54,1,< 75% chance of admission,< 75% chance of admission,0.9992885125267579
294,93,1,1.5,2.0,7.36,0,< 75% chance of admission,< 75% chance of admission,0.9999345613878442
312,105,3,2.0,3.0,8.02,1,< 75% chance of admission,< 75% chance of admission,0.96395113341679
340,120,4,5.0,5.0,9.5,1,>= 75% chance of admission,>= 75% chance of admission,0.9990373896215424
320,110,5,5.0,4.5,9.22,1,>= 75% chance of admission,>= 75% chance of admission,0.9753349336039978
322,115,5,4.0,4.5,9.36,1,>= 75% chance of admission,>= 75% chance of admission,0.9868693614459085
340,115,5,4.5,4.5,9.45,1,>= 75% chance of admission,>= 75% chance of admission,0.9980462056170654
319,103,4,4.5,3.5,8.66,0,>= 75% chance of admission,< 75% chance of admission,0.5452769360750847
315,106,3,4.5,3.5,8.42,0,< 75% chance of admission,< 75% chance of admission,0.7697433673270202
317,107,2,3.5,3.0,8.28,0,< 75% chance of admission,< 75% chance of admission,0.9067285472461403
314,108,3,4.5,3.5,8.14,0,< 75% chance of admission,< 75% chance of admission,0.8659277607696376
316,109,4,4.5,3.5,8.76,1,< 75% chance of admission,>= 75% chance of admission,0.7377648277359428
318,106,2,4.0,4.0,7.92,1,< 75% chance of admission,< 75% chance of admission,0.8899322300525518
299,97,3,5.0,3.5,7.66,0,< 75% chance of admission,< 75% chance of admission,0.9950575556922311
298,98,2,4.0,3.0,8.03,0,< 75% chance of admission,< 75% chance of admission,0.9945346294706429
301,97,2,3.0,3.0,7.88,1,< 75% chance of admission,< 75% chance of admission,0.994988651110287
303,99,3,2.0,2.5,7.66,0,< 75% chance of admission,< 75% chance of admission,0.9983471386739915
304,100,4,1.5,2.5,7.84,0,< 75% chance of admission,< 75% chance of admission,0.9962938631928646
306,100,2,3.0,3.0,8.0,0,< 75% chance of admission,< 75% chance of admission,0.9921697307701933
331,120,3,4.0,4.0,8.96,1,>= 75% chance of admission,>= 75% chance of admission,0.9726246882314517
332,119,4,5.0,4.5,9.24,1,>= 75% chance of admission,>= 75% chance of admission,0.9948815819456082
323,113,3,4.0,4.0,8.88,1,>= 75% chance of admission,>= 75% chance of admission,0.8811298160852246
322,107,3,3.5,3.5,8.46,1,< 75% chance of admission,< 75% chance of admission,0.5606433699973714
312,105,2,2.5,3.0,8.12,0,< 75% chance of admission,< 75% chance of admission,0.9765083717562894
314,106,2,4.0,3.5,8.25,0,< 75% chance of admission,< 75% chance of admission,0.9083741026202712
317,104,2,4.5,4.0,8.47,0,< 75% chance of admission,< 75% chance of admission,0.7741617858512997
326,112,3,3.5,3.0,9.05,1,< 75% chance of admission,>= 75% chance of admission,0.8815855545231318
316,110,3,4.0,4.5,8.78,1,< 75% chance of admission,>= 75% chance of admission,0.743351834891815
329,111,4,4.5,4.5,9.18,1,>= 75% chance of admission,>= 75% chance of admission,0.9794367110460611
338,117,4,3.5,4.5,9.46,1,>= 75% chance of admission,>= 75% chance of admission,0.9961750310089075
331,116,5,5.0,5.0,9.38,1,>= 75% chance of admission,>= 75% chance of admission,0.9970285857654309
304,103,5,5.0,4.0,8.64,0,< 75% chance of admission,< 75% chance of admission,0.672242106488503
305,108,5,3.0,3.0,8.48,0,< 75% chance of admission,< 75% chance of admission,0.858422467429906
321,109,4,4.0,4.0,8.68,1,< 75% chance of admission,>= 75% chance of admission,0.7724327659251194
301,107,3,3.5,3.5,8.34,1,< 75% chance of admission,< 75% chance of admission,0.9076467999845503
320,110,2,4.0,3.5,8.56,0,< 75% chance of admission,< 75% chance of admission,0.6341511622263076
311,105,3,3.5,3.0,8.45,1,< 75% chance of admission,< 75% chance of admission,0.8277484941723023
310,106,4,4.5,4.5,9.04,1,< 75% chance of admission,>= 75% chance of admission,0.8074143264811895
299,102,3,4.0,3.5,8.62,0,< 75% chance of admission,< 75% chance of admission,0.927847634595363
290,104,4,2.0,2.5,7.46,0,< 75% chance of admission,< 75% chance of admission,0.9992441745601089
296,99,2,3.0,3.5,7.28,0,< 75% chance of admission,< 75% chance of admission,0.9994713971496142
327,104,5,3.0,3.5,8.84,1,< 75% chance of admission,>= 75% chance of admission,0.7991527912712287
335,117,5,5.0,5.0,9.56,1,>= 75% chance of admission,>= 75% chance of admission,0.998817684582161
334,119,5,4.5,4.5,9.48,1,>= 75% chance of admission,>= 75% chance of admission,0.9980298799369239
310,106,4,1.5,2.5,8.36,0,< 75% chance of admission,< 75% chance of admission,0.9556398202877682
308,108,3,3.5,3.5,8.22,0,< 75% chance of admission,< 75% chance of admission,0.9266665963513061
301,106,4,2.5,3.0,8.47,0,< 75% chance of admission,< 75% chance of admission,0.9472853443116676
300,100,3,2.0,3.0,8.66,1,< 75% chance of admission,< 75% chance of admission,0.9519390313075758
323,113,3,4.0,3.0,9.32,1,>= 75% chance of admission,>= 75% chance of admission,0.9433599523958088
319,112,3,2.5,2.0,8.71,1,>= 75% chance of admission,< 75% chance of admission,0.5787572736545745
326,112,3,3.5,3.0,9.1,1,>= 75% chance of admission,>= 75% chance of admission,0.8952974753061669
333,118,5,5.0,5.0,9.35,1,>= 75% chance of admission,>= 75% chance of admission,0.9977483546523681
339,114,5,4.0,4.5,9.76,1,>= 75% chance of admission,>= 75% chance of admission,0.9987851368340815
303,105,5,5.0,4.5,8.65,0,>= 75% chance of admission,< 75% chance of admission,0.5912095118348125
309,105,5,3.5,3.5,8.56,0,< 75% chance of admission,< 75% chance of admission,0.7587621352723328
323,112,5,4.0,4.5,8.78,0,>= 75% chance of admission,>= 75% chance of admission,0.8708918110637665
333,113,5,4.0,4.0,9.28,1,>= 75% chance of admission,>= 75% chance of admission,0.989950665644075
314,109,4,3.5,4.0,8.77,1,>= 75% chance of admission,>= 75% chance of admission,0.6680743423950898
312,103,3,5.0,4.0,8.45,0,>= 75% chance of admission,< 75% chance of admission,0.7788032992957754
316,100,2,1.5,3.0,8.16,1,< 75% chance of admission,< 75% chance of admission,0.9734985517095842
326,116,2,4.5,3.0,9.08,1,>= 75% chance of admission,>= 75% chance of admission,0.9282016574690698
318,109,1,3.5,3.5,9.12,0,>= 75% chance of admission,>= 75% chance of admission,0.5509166657895004
329,110,2,4.0,3.0,9.15,1,>= 75% chance of admission,>= 75% chance of admission,0.9002421066268415
332,118,2,4.5,3.5,9.36,1,>= 75% chance of admission,>= 75% chance of admission,0.9856047511266733
331,115,5,4.0,3.5,9.44,1,>= 75% chance of admission,>= 75% chance of admission,0.992342561011554
340,120,4,4.5,4.0,9.92,1,>= 75% chance of admission,>= 75% chance of admission,0.9994454668738192
325,112,2,3.0,3.5,8.96,1,>= 75% chance of admission,>= 75% chance of admission,0.7935865130720565
320,113,2,2.0,2.5,8.64,1,>= 75% chance of admission,< 75% chance of admission,0.6595164581555251
315,105,3,2.0,2.5,8.48,0,>= 75% chance of admission,< 75% chance of admission,0.9282603524745002
326,114,3,3.0,3.0,9.11,1,>= 75% chance of admission,>= 75% chance of admission,0.8975172198688325
339,116,4,4.0,3.5,9.8,1,>= 75% chance of admission,>= 75% chance of admission,0.9981288395867713
311,106,2,3.5,3.0,8.26,1,>= 75% chance of admission,< 75% chance of admission,0.9112833893495723
334,114,4,4.0,4.0,9.43,1,>= 75% chance of admission,>= 75% chance of admission,0.9922608131544968
332,116,5,5.0,5.0,9.28,1,>= 75% chance of admission,>= 75% chance of admission,0.9963888891328256
321,112,5,5.0,5.0,9.06,1,>= 75% chance of admission,>= 75% chance of admission,0.9763077778878076
324,105,3,3.0,4.0,8.75,0,>= 75% chance of admission,< 75% chance of admission,0.5153878618884027
326,108,3,3.0,3.5,8.89,0,>= 75% chance of admission,>= 75% chance of admission,0.6415323932904701
312,109,3,3.0,3.0,8.69,0,>= 75% chance of admission,< 75% chance of admission,0.7714942113710644
315,105,3,2.0,2.5,8.34,0,< 75% chance of admission,< 75% chance of admission,0.9501723252398642
309,104,2,2.0,2.5,8.26,0,< 75% chance of admission,< 75% chance of admission,0.9835324170583689
306,106,2,2.0,2.5,8.14,0,< 75% chance of admission,< 75% chance of admission,0.9886584905211419
297,100,1,1.5,2.0,7.9,0,< 75% chance of admission,< 75% chance of admission,0.999253862218025
315,103,1,1.5,2.0,7.86,0,< 75% chance of admission,< 75% chance of admission,0.9961202621765332
298,99,1,1.5,3.0,7.46,0,< 75% chance of admission,< 75% chance of admission,0.999673660131768
318,109,3,3.0,3.0,8.5,0,< 75% chance of admission,< 75% chance of admission,0.7781246477353799
317,105,3,3.5,3.0,8.56,0,< 75% chance of admission,< 75% chance of admission,0.7965045599475924
329,111,4,4.5,4.0,9.01,1,>= 75% chance of admission,>= 75% chance of admission,0.960377833406828
322,110,5,4.5,4.0,8.97,0,>= 75% chance of admission,>= 75% chance of admission,0.8959448071058804
302,102,3,3.5,5.0,8.33,0,< 75% chance of admission,< 75% chance of admission,0.9371204559957894
313,102,3,2.0,3.0,8.27,0,< 75% chance of admission,< 75% chance of admission,0.9676345510668946
293,97,2,2.0,4.0,7.8,1,< 75% chance of admission,< 75% chance of admission,0.9978898817302653
311,99,2,2.5,3.0,7.98,0,< 75% chance of admission,< 75% chance of admission,0.9917709597972911
312,101,2,2.5,3.5,8.04,1,< 75% chance of admission,< 75% chance of admission,0.9721678652638182
334,117,5,4.0,4.5,9.07,1,>= 75% chance of admission,>= 75% chance of admission,0.9909088146733882
322,110,4,4.0,5.0,9.13,1,>= 75% chance of admission,>= 75% chance of admission,0.9551466446782287
323,113,4,4.0,4.5,9.23,1,>= 75% chance of admission,>= 75% chance of admission,0.9709674088040566
321,111,4,4.0,4.0,8.97,1,>= 75% chance of admission,>= 75% chance of admission,0.9023699912881608
320,111,4,4.5,3.5,8.87,1,>= 75% chance of admission,>= 75% chance of admission,0.8656524503087585
329,119,4,4.5,4.5,9.16,1,>= 75% chance of admission,>= 75% chance of admission,0.9900658910653436
319,110,3,3.5,3.5,9.04,0,>= 75% chance of admission,>= 75% chance of admission,0.696037514196099
309,108,3,2.5,3.0,8.12,0,< 75% chance of admission,< 75% chance of admission,0.9658180923999862
307,102,3,3.0,3.0,8.27,0,< 75% chance of admission,< 75% chance of admission,0.9701599722391178
300,104,3,3.5,3.0,8.16,0,< 75% chance of admission,< 75% chance of admission,0.9812077572553506
305,107,2,2.5,2.5,8.42,0,< 75% chance of admission,< 75% chance of admission,0.9698866774687099
299,100,2,3.0,3.5,7.88,0,< 75% chance of admission,< 75% chance of admission,0.9960863349291359
314,110,3,4.0,4.0,8.8,0,>= 75% chance of admission,>= 75% chance of admission,0.5408160477069544
316,106,2,2.5,4.0,8.32,0,< 75% chance of admission,< 75% chance of admission,0.9120822307784309
327,113,4,4.5,4.5,9.11,1,>= 75% chance of admission,>= 75% chance of admission,0.9759958748845807
317,107,3,3.5,3.0,8.68,1,>= 75% chance of admission,< 75% chance of admission,0.5611702358240969
335,118,5,4.5,3.5,9.44,1,>= 75% chance of admission,>= 75% chance of admission,0.9966311221008478
331,115,5,4.5,3.5,9.36,1,>= 75% chance of admission,>= 75% chance of admission,0.9921939220562719
324,112,5,5.0,5.0,9.08,1,>= 75% chance of admission,>= 75% chance of admission,0.9823321482371026
324,111,5,4.5,4.0,9.16,1,>= 75% chance of admission,>= 75% chance of admission,0.9715041582946357
323,110,5,4.0,5.0,8.98,1,>= 75% chance of admission,>= 75% chance of admission,0.9550798811408939
322,114,5,4.5,4.0,8.94,1,>= 75% chance of admission,>= 75% chance of admission,0.9549790451409875
336,118,5,4.5,5.0,9.53,1,>= 75% chance of admission,>= 75% chance of admission,0.9986873172799428
316,109,3,3.5,3.0,8.76,0,>= 75% chance of admission,< 75% chance of admission,0.6213078833939205
307,107,2,3.0,3.5,8.52,1,>= 75% chance of admission,< 75% chance of admission,0.8621327906810259
306,105,2,3.0,2.5,8.26,0,< 75% chance of admission,< 75% chance of admission,0.9787566052483296
310,106,2,3.5,2.5,8.33,0,< 75% chance of admission,< 75% chance of admission,0.952995042487313
311,104,3,4.5,4.5,8.43,0,< 75% chance of admission,< 75% chance of admission,0.7848023241670139
313,107,3,4.0,4.5,8.69,0,< 75% chance of admission,< 75% chance of admission,0.578222148644919
317,103,3,2.5,3.0,8.54,1,< 75% chance of admission,< 75% chance of admission,0.8076847272250331
315,110,2,3.5,3.0,8.46,1,< 75% chance of admission,< 75% chance of admission,0.7413509897400368
340,120,5,4.5,4.5,9.91,1,>= 75% chance of admission,>= 75% chance of admission,0.9996667617681939
334,120,5,4.0,5.0,9.87,1,>= 75% chance of admission,>= 75% chance of admission,0.999394963071193
298,105,3,3.5,4.0,8.54,0,< 75% chance of admission,< 75% chance of admission,0.9280441117961022
295,99,2,2.5,3.0,7.65,0,< 75% chance of admission,< 75% chance of admission,0.9990962664739658
315,99,2,3.5,3.0,7.89,0,< 75% chance of admission,< 75% chance of admission,0.9867593641167062
310,102,3,3.5,4.0,8.02,1,< 75% chance of admission,< 75% chance of admission,0.9388108232030489
305,106,2,3.0,3.0,8.16,0,< 75% chance of admission,< 75% chance of admission,0.9798615532670322
301,104,3,3.5,4.0,8.12,1,< 75% chance of admission,< 75% chance of admission,0.9520136224304215
325,108,4,4.5,4.0,9.06,1,>= 75% chance of admission,>= 75% chance of admission,0.9372185481929576
328,110,4,5.0,4.0,9.14,1,>= 75% chance of admission,>= 75% chance of admission,0.972606390847026
338,120,4,5.0,5.0,9.66,1,>= 75% chance of admission,>= 75% chance of admission,0.9992726215780132
333,119,5,5.0,4.5,9.78,1,>= 75% chance of admission,>= 75% chance of admission,0.9992385629807203
331,117,4,4.5,5.0,9.42,1,>= 75% chance of admission,>= 75% chance of admission,0.9958930844386675
330,116,5,5.0,4.5,9.36,1,>= 75% chance of admission,>= 75% chance of admission,0.9958244711104274
322,112,4,4.5,4.5,9.26,1,>= 75% chance of admission,>= 75% chance of admission,0.9737784593145209
321,109,4,4.0,4.0,9.13,1,>= 75% chance of admission,>= 75% chance of admission,0.9219119376166078
324,110,4,3.0,3.5,8.97,1,>= 75% chance of admission,>= 75% chance of admission,0.8531711719691665
312,104,3,3.5,3.5,8.42,0,< 75% chance of admission,< 75% chance of admission,0.8863411732342319
313,103,3,4.0,4.0,8.75,0,>= 75% chance of admission,< 75% chance of admission,0.6793461504795558
316,110,3,3.5,4.0,8.56,0,>= 75% chance of admission,< 75% chance of admission,0.6319610204303269
324,113,4,4.5,4.0,8.79,0,>= 75% chance of admission,>= 75% chance of admission,0.8559687902210574
308,109,2,3.0,4.0,8.45,0,< 75% chance of admission,< 75% chance of admission,0.8938247472015991
305,105,2,3.0,2.0,8.23,0,< 75% chance of admission,< 75% chance of admission,0.9852164855776758
296,99,2,2.5,2.5,8.03,0,< 75% chance of admission,< 75% chance of admission,0.9977140935385295
306,110,2,3.5,4.0,8.45,0,< 75% chance of admission,< 75% chance of admission,0.8799273766055994
312,110,2,3.5,3.0,8.53,0,< 75% chance of admission,< 75% chance of admission,0.844367756514448
318,112,3,4.0,3.5,8.67,0,< 75% chance of admission,>= 75% chance of admission,0.5306774354404988
324,111,4,3.0,3.0,9.01,1,>= 75% chance of admission,>= 75% chance of admission,0.8538450917827537
313,104,3,4.0,4.5,8.65,0,< 75% chance of admission,< 75% chance of admission,0.6734714985162188
319,106,3,3.5,2.5,8.33,1,< 75% chance of admission,< 75% chance of admission,0.7951900669524944
312,107,2,2.5,3.5,8.27,0,< 75% chance of admission,< 75% chance of admission,0.9482785507638827
304,100,2,2.5,3.5,8.07,0,< 75% chance of admission,< 75% chance of admission,0.9919048574661993
330,113,5,5.0,4.0,9.31,1,>= 75% chance of admission,>= 75% chance of admission,0.9921046410209451
326,111,5,4.5,4.0,9.23,1,>= 75% chance of admission,>= 75% chance of admission,0.9798808100491146
325,112,4,4.0,4.5,9.17,1,>= 75% chance of admission,>= 75% chance of admission,0.967929528169918
329,114,5,4.5,5.0,9.19,1,>= 75% chance of admission,>= 75% chance of admission,0.9912160731485952
310,104,3,2.0,3.5,8.37,0,< 75% chance of admission,< 75% chance of admission,0.9508206730336441
299,100,1,1.5,2.0,7.89,0,< 75% chance of admission,< 75% chance of admission,0.9991460526821009
296,101,1,2.5,3.0,7.68,0,< 75% chance of admission,< 75% chance of admission,0.9990684407729521
317,103,2,2.5,2.0,8.15,0,< 75% chance of admission,< 75% chance of admission,0.979061522960253
324,115,3,3.5,3.0,8.76,1,< 75% chance of admission,>= 75% chance of admission,0.7923424314407089
325,114,3,3.5,3.0,9.04,1,>= 75% chance of admission,>= 75% chance of admission,0.8905994880768388
314,107,2,2.5,4.0,8.56,0,< 75% chance of admission,< 75% chance of admission,0.8504420835039201
328,110,4,4.0,2.5,9.02,1,>= 75% chance of admission,>= 75% chance of admission,0.9019365740383297
316,105,3,3.0,3.5,8.73,0,< 75% chance of admission,< 75% chance of admission,0.7256510269616552
311,104,2,2.5,3.5,8.48,0,< 75% chance of admission,< 75% chance of admission,0.9373856980045979
324,110,3,3.5,4.0,8.87,1,>= 75% chance of admission,>= 75% chance of admission,0.8259197182071676
321,111,3,3.5,4.0,8.83,1,>= 75% chance of admission,>= 75% chance of admission,0.7860443808228706
320,104,3,3.0,2.5,8.57,1,< 75% chance of admission,< 75% chance of admission,0.7332094293150883
316,99,2,2.5,3.0,9.0,0,< 75% chance of admission,< 75% chance of admission,0.8262778891900108
318,100,2,2.5,3.5,8.54,1,< 75% chance of admission,< 75% chance of admission,0.855602523619681
335,115,4,4.5,4.5,9.68,1,>= 75% chance of admission,>= 75% chance of admission,0.9978360442362515
321,114,4,4.0,5.0,9.12,0,>= 75% chance of admission,>= 75% chance of admission,0.9403862967395397
307,110,4,4.0,4.5,8.37,0,>= 75% chance of admission,< 75% chance of admission,0.7426866752421575
309,99,3,4.0,4.0,8.56,0,>= 75% chance of admission,< 75% chance of admission,0.8807417223474375
324,100,3,4.0,5.0,8.64,1,>= 75% chance of admission,>= 75% chance of admission,0.6316254639939645
326,102,4,5.0,5.0,8.76,1,>= 75% chance of admission,>= 75% chance of admission,0.87759153408249
331,119,4,5.0,4.5,9.34,1,>= 75% chance of admission,>= 75% chance of admission,0.9957871642149958
327,108,5,5.0,3.5,9.13,1,>= 75% chance of admission,>= 75% chance of admission,0.9673933864158099
312,104,3,3.5,4.0,8.09,0,< 75% chance of admission,< 75% chance of admission,0.9406647539943666
308,103,2,2.5,4.0,8.36,1,< 75% chance of admission,< 75% chance of admission,0.9301764877544507
324,111,3,2.5,1.5,8.79,1,< 75% chance of admission,>= 75% chance of admission,0.5017509501659769
325,110,2,3.0,2.5,8.76,1,>= 75% chance of admission,>= 75% chance of admission,0.5461158300050539
313,102,3,2.5,2.5,8.68,0,< 75% chance of admission,< 75% chance of admission,0.905889745074654
312,105,2,2.0,2.5,8.45,0,< 75% chance of admission,< 75% chance of admission,0.9615831225491535
314,107,3,3.0,3.5,8.17,1,< 75% chance of admission,< 75% chance of admission,0.8699344449753639
327,113,4,4.5,5.0,9.14,0,>= 75% chance of admission,>= 75% chance of admission,0.9678641546445813
308,108,4,4.5,5.0,8.34,0,>= 75% chance of admission,< 75% chance of admission,0.7012535276001418
306,105,2,2.5,3.0,8.22,1,< 75% chance of admission,< 75% chance of admission,0.9661309401797038
299,96,2,1.5,2.0,7.86,0,< 75% chance of admission,< 75% chance of admission,0.999263001942043
294,95,1,1.5,1.5,7.64,0,< 75% chance of admission,< 75% chance of admission,0.9998587615353084
312,99,1,1.0,1.5,8.01,1,< 75% chance of admission,< 75% chance of admission,0.9962885879950818
315,100,1,2.0,2.5,7.95,0,< 75% chance of admission,< 75% chance of admission,0.9944566141212403
322,110,3,3.5,3.0,8.96,1,>= 75% chance of admission,>= 75% chance of admission,0.7745636402146994
329,113,5,5.0,4.5,9.45,1,>= 75% chance of admission,>= 75% chance of admission,0.9952488260329236
320,101,2,2.5,3.0,8.62,0,< 75% chance of admission,< 75% chance of admission,0.8897429987184327
308,103,2,3.0,3.5,8.49,0,< 75% chance of admission,< 75% chance of admission,0.9437226619213058
304,102,2,3.0,4.0,8.73,0,< 75% chance of admission,< 75% chance of admission,0.9148898177943371
311,102,3,4.5,4.0,8.64,1,< 75% chance of admission,< 75% chance of admission,0.6288733896236964
317,110,3,4.0,4.5,9.11,1,>= 75% chance of admission,>= 75% chance of admission,0.8868495262818723
312,106,3,4.0,3.5,8.79,1,>= 75% chance of admission,< 75% chance of admission,0.5101209567191637
321,111,3,2.5,3.0,8.9,1,>= 75% chance of admission,>= 75% chance of admission,0.664059436120547
340,112,4,5.0,4.5,9.66,1,>= 75% chance of admission,>= 75% chance of admission,0.9983241351227667
331,116,5,4.0,4.0,9.26,1,>= 75% chance of admission,>= 75% chance of admission,0.9907113370052416
336,118,5,4.5,4.0,9.19,1,>= 75% chance of admission,>= 75% chance of admission,0.9949500012033743
324,114,5,5.0,4.5,9.08,1,>= 75% chance of admission,>= 75% chance of admission,0.9822243037300193
314,104,4,5.0,5.0,9.02,0,>= 75% chance of admission,>= 75% chance of admission,0.7898483863913208
313,109,3,4.0,3.5,9.0,0,>= 75% chance of admission,>= 75% chance of admission,0.5823450134548501
307,105,2,2.5,3.0,7.65,0,< 75% chance of admission,< 75% chance of admission,0.9956627652146207
300,102,2,1.5,2.0,7.87,0,< 75% chance of admission,< 75% chance of admission,0.9985104763414784
302,99,2,1.0,2.0,7.97,0,< 75% chance of admission,< 75% chance of admission,0.9985972448653029
312,98,1,3.5,3.0,8.18,1,< 75% chance of admission,< 75% chance of admission,0.9732970829662008
316,101,2,2.5,2.0,8.32,1,< 75% chance of admission,< 75% chance of admission,0.9554715032865151
317,100,2,3.0,2.5,8.57,0,< 75% chance of admission,< 75% chance of admission,0.9290631620555571
310,107,3,3.5,3.5,8.67,0,>= 75% chance of admission,< 75% chance of admission,0.7732076672712187
320,120,3,4.0,4.5,9.11,0,>= 75% chance of admission,>= 75% chance of admission,0.9374634417850198
330,114,3,4.5,4.5,9.24,1,>= 75% chance of admission,>= 75% chance of admission,0.9833104177153674
305,112,3,3.0,3.5,8.65,0,< 75% chance of admission,< 75% chance of admission,0.8013860388877732
309,106,2,2.5,2.5,8.0,0,< 75% chance of admission,< 75% chance of admission,0.9879825475262712
319,108,2,2.5,3.0,8.76,0,< 75% chance of admission,< 75% chance of admission,0.7478515510052709
322,105,2,3.0,3.0,8.45,1,< 75% chance of admission,< 75% chance of admission,0.7701792903671804
323,107,3,3.5,3.5,8.55,1,< 75% chance of admission,>= 75% chance of admission,0.5217145365585418
313,106,2,2.5,2.0,8.43,0,< 75% chance of admission,< 75% chance of admission,0.9567806027970956
321,109,3,3.5,3.5,8.8,1,< 75% chance of admission,>= 75% chance of admission,0.6931919614793229
323,110,3,4.0,3.5,9.1,1,>= 75% chance of admission,>= 75% chance of admission,0.8919006865587077
325,112,4,4.0,4.0,9.0,1,>= 75% chance of admission,>= 75% chance of admission,0.9388709820240931
312,108,3,3.5,3.0,8.53,0,< 75% chance of admission,< 75% chance of admission,0.825916815421023
308,110,4,3.5,3.0,8.6,0,< 75% chance of admission,< 75% chance of admission,0.7608960243545082
320,104,3,3.0,3.5,8.74,1,>= 75% chance of admission,< 75% chance of admission,0.5326554715792189
328,108,4,4.5,4.0,9.18,1,>= 75% chance of admission,>= 75% chance of admission,0.9637296946889861
311,107,4,4.5,4.5,9.0,1,>= 75% chance of admission,>= 75% chance of admission,0.8180355309288974
301,100,3,3.5,3.0,8.04,0,< 75% chance of admission,< 75% chance of admission,0.9900799105949919
305,105,2,3.0,4.0,8.13,0,< 75% chance of admission,< 75% chance of admission,0.9748602303756172
308,104,2,2.5,3.0,8.07,0,< 75% chance of admission,< 75% chance of admission,0.9864882465463372
298,101,2,1.5,2.0,7.86,0,< 75% chance of admission,< 75% chance of admission,0.9988846732735803
300,99,1,1.0,2.5,8.01,0,< 75% chance of admission,< 75% chance of admission,0.9988279354997698
324,111,3,2.5,2.0,8.8,1,>= 75% chance of admission,>= 75% chance of admission,0.559548846402417
327,113,4,3.5,3.0,8.69,1,>= 75% chance of admission,>= 75% chance of admission,0.821050918010232
317,106,3,4.0,3.5,8.5,1,>= 75% chance of admission,< 75% chance of admission,0.6075151959716714
323,104,3,4.0,4.0,8.44,1,< 75% chance of admission,< 75% chance of admission,0.527119273426061
314,107,2,2.5,4.0,8.27,0,< 75% chance of admission,< 75% chance of admission,0.9269923542317456
305,102,2,2.0,2.5,8.18,0,< 75% chance of admission,< 75% chance of admission,0.992118512646786
315,104,3,3.0,2.5,8.33,0,< 75% chance of admission,< 75% chance of admission,0.9352653736432963
326,116,3,3.5,4.0,9.14,1,>= 75% chance of admission,>= 75% chance of admission,0.9553384247491042
299,100,3,2.0,2.0,8.02,0,< 75% chance of admission,< 75% chance of admission,0.9970918580748429
295,101,2,2.5,2.0,7.86,0,< 75% chance of admission,< 75% chance of admission,0.9986910080125042
324,112,4,4.0,3.5,8.77,1,>= 75% chance of admission,>= 75% chance of admission,0.8591894103741994
297,96,2,2.5,1.5,7.89,0,< 75% chance of admission,< 75% chance of admission,0.9991689811494845
327,113,3,3.5,3.0,8.66,1,>= 75% chance of admission,>= 75% chance of admission,0.7517223752333079
311,105,2,3.0,2.0,8.12,1,< 75% chance of admission,< 75% chance of admission,0.9685654568775552
308,106,3,3.5,2.5,8.21,1,>= 75% chance of admission,< 75% chance of admission,0.9298327530733016
319,108,3,3.0,3.5,8.54,1,< 75% chance of admission,< 75% chance of admission,0.5912980040240186
312,107,4,4.5,4.0,8.65,1,< 75% chance of admission,>= 75% chance of admission,0.6011695366425034
325,111,4,4.0,4.5,9.11,1,>= 75% chance of admission,>= 75% chance of admission,0.9585846317028737
319,110,3,3.0,2.5,8.79,0,< 75% chance of admission,< 75% chance of admission,0.6166823189914554
332,118,5,5.0,5.0,9.47,1,>= 75% chance of admission,>= 75% chance of admission,0.9982473282137494
323,108,5,4.0,4.0,8.74,1,>= 75% chance of admission,>= 75% chance of admission,0.8562412844930035
324,107,5,3.5,4.0,8.66,1,>= 75% chance of admission,>= 75% chance of admission,0.7929424368004736
312,107,3,3.0,3.0,8.46,1,>= 75% chance of admission,< 75% chance of admission,0.8122146782641363
326,110,3,3.5,3.5,8.76,1,>= 75% chance of admission,>= 75% chance of admission,0.7703729032419812
308,106,3,3.0,3.0,8.24,0,< 75% chance of admission,< 75% chance of admission,0.9563309160397532
305,103,2,2.5,3.5,8.13,0,< 75% chance of admission,< 75% chance of admission,0.9861172697235562
295,96,2,1.5,2.0,7.34,0,< 75% chance of admission,< 75% chance of admission,0.9998738784367386
316,98,1,1.5,2.0,7.43,0,< 75% chance of admission,< 75% chance of admission,0.999218808846967
304,97,2,1.5,2.0,7.64,0,< 75% chance of admission,< 75% chance of admission,0.9993352669136155
299,94,1,1.0,1.0,7.34,0,< 75% chance of admission,< 75% chance of admission,0.9999442780409558
302,99,1,2.0,2.0,7.25,0,< 75% chance of admission,< 75% chance of admission,0.9997946199416409
313,101,3,2.5,3.0,8.04,0,< 75% chance of admission,< 75% chance of admission,0.9807698462445859
318,107,3,3.0,3.5,8.27,1,< 75% chance of admission,< 75% chance of admission,0.7854714841068193
325,110,4,3.5,4.0,8.67,1,< 75% chance of admission,>= 75% chance of admission,0.8048554671329022
303,100,2,3.0,3.5,8.06,1,< 75% chance of admission,< 75% chance of admission,0.984130796318565
300,102,3,3.5,2.5,8.17,0,< 75% chance of admission,< 75% chance of admission,0.9870125446562742
297,98,2,2.5,3.0,7.67,0,< 75% chance of admission,< 75% chance of admission,0.9989822267396283
317,106,2,2.0,3.5,8.12,0,< 75% chance of admission,< 75% chance of admission,0.9615358443051144
327,109,3,3.5,4.0,8.77,1,>= 75% chance of admission,>= 75% chance of admission,0.8061074972237074
301,104,2,3.5,3.5,7.89,1,< 75% chance of admission,< 75% chance of admission,0.9846619172304273
314,105,2,2.5,2.0,7.64,0,< 75% chance of admission,< 75% chance of admission,0.9950501716224535
321,107,2,2.0,1.5,8.44,0,>= 75% chance of admission,< 75% chance of admission,0.9385523728516585
322,110,3,4.0,5.0,8.64,1,>= 75% chance of admission,>= 75% chance of admission,0.7971520248826436
334,116,4,4.0,3.5,9.54,1,>= 75% chance of admission,>= 75% chance of admission,0.9942466177149505
338,115,5,4.5,5.0,9.23,1,>= 75% chance of admission,>= 75% chance of admission,0.996558771213663
306,103,2,2.5,3.0,8.36,0,< 75% chance of admission,< 75% chance of admission,0.9770061532504065
313,102,3,3.5,4.0,8.9,1,>= 75% chance of admission,< 75% chance of admission,0.5122142176952218
330,114,4,4.5,3.0,9.17,1,>= 75% chance of admission,>= 75% chance of admission,0.9734268160398635
320,104,3,3.5,4.5,8.34,1,< 75% chance of admission,< 75% chance of admission,0.6518856343979009
311,98,1,1.0,2.5,7.46,0,< 75% chance of admission,< 75% chance of admission,0.9994334209415459
298,92,1,2.0,2.0,7.88,0,< 75% chance of admission,< 75% chance of admission,0.9995760075914164
301,98,1,2.0,3.0,8.03,1,< 75% chance of admission,< 75% chance of admission,0.9959835178078453
310,103,2,2.5,2.5,8.24,0,< 75% chance of admission,< 75% chance of admission,0.9813074755833793
324,110,3,3.5,3.0,9.22,1,>= 75% chance of admission,>= 75% chance of admission,0.8925672709394964
336,119,4,4.5,4.0,9.62,1,>= 75% chance of admission,>= 75% chance of admission,0.998056015530534
321,109,3,3.0,3.0,8.54,1,>= 75% chance of admission,< 75% chance of admission,0.5773679044564961
315,105,2,2.0,2.5,7.65,0,< 75% chance of admission,< 75% chance of admission,0.9944696396825311
304,101,2,2.0,2.5,7.66,0,< 75% chance of admission,< 75% chance of admission,0.9984319308149073
297,96,2,2.5,2.0,7.43,0,< 75% chance of admission,< 75% chance of admission,0.9997146797968104
290,100,1,1.5,2.0,7.56,0,< 75% chance of admission,< 75% chance of admission,0.9998353213470259
303,98,1,2.0,2.5,7.65,0,< 75% chance of admission,< 75% chance of admission,0.9992507110169861
311,99,1,2.5,3.0,8.43,1,< 75% chance of admission,< 75% chance of admission,0.9640852596127626
322,104,3,3.5,4.0,8.84,1,>= 75% chance of admission,>= 75% chance of admission,0.6716852127748506
319,105,3,3.0,3.5,8.67,1,< 75% chance of admission,< 75% chance of admission,0.5761230093622585
324,110,4,4.5,4.0,9.15,1,>= 75% chance of admission,>= 75% chance of admission,0.9556215377663233
300,100,3,3.0,3.5,8.26,0,< 75% chance of admission,< 75% chance of admission,0.9832555351188667
340,113,4,5.0,5.0,9.74,1,>= 75% chance of admission,>= 75% chance of admission,0.9990083954804491
335,117,5,5.0,5.0,9.82,1,>= 75% chance of admission,>= 75% chance of admission,0.9994242753717344
302,101,2,2.5,3.5,7.96,0,< 75% chance of admission,< 75% chance of admission,0.9943846361207092
307,105,2,2.0,3.5,8.1,0,< 75% chance of admission,< 75% chance of admission,0.9850393576730603
296,97,2,1.5,2.0,7.8,0,< 75% chance of admission,< 75% chance of admission,0.9994599588147611
320,108,3,3.5,4.0,8.44,1,>= 75% chance of admission,< 75% chance of admission,0.5394424885554066
314,102,2,2.0,2.5,8.24,0,< 75% chance of admission,< 75% chance of admission,0.9808604024382038
318,106,3,2.0,3.0,8.65,0,< 75% chance of admission,< 75% chance of admission,0.823663712753179
326,112,4,4.0,3.5,9.12,1,>= 75% chance of admission,>= 75% chance of admission,0.949829318683525
317,104,2,3.0,3.0,8.76,0,>= 75% chance of admission,< 75% chance of admission,0.8091644725339316
329,111,4,4.5,4.0,9.23,1,>= 75% chance of admission,>= 75% chance of admission,0.9780618235700624
324,110,3,3.5,3.5,9.04,1,>= 75% chance of admission,>= 75% chance of admission,0.8609567043186374
325,107,3,3.0,3.5,9.11,1,>= 75% chance of admission,>= 75% chance of admission,0.8318323117008007
330,116,4,5.0,4.5,9.45,1,>= 75% chance of admission,>= 75% chance of admission,0.9954635746373266
312,103,3,3.5,4.0,8.78,0,< 75% chance of admission,< 75% chance of admission,0.7213723074656391
333,117,4,5.0,4.0,9.66,1,>= 75% chance of admission,>= 75% chance of admission,0.9977877165353775
304,100,2,3.5,3.0,8.22,0,< 75% chance of admission,< 75% chance of admission,0.9851241814429639
315,105,2,3.0,3.0,8.34,0,< 75% chance of admission,< 75% chance of admission,0.935327102885388
324,109,3,3.5,3.0,8.94,1,>= 75% chance of admission,>= 75% chance of admission,0.7759837163528649
330,116,4,4.0,3.5,9.23,1,>= 75% chance of admission,>= 75% chance of admission,0.9814389297789521
311,101,3,2.0,2.5,7.64,1,< 75% chance of admission,< 75% chance of admission,0.9934495601163621
302,99,3,2.5,3.0,7.45,0,< 75% chance of admission,< 75% chance of admission,0.9987202735325796
322,103,4,3.0,2.5,8.02,1,< 75% chance of admission,< 75% chance of admission,0.8945768660696004
298,100,3,2.5,4.0,7.95,1,< 75% chance of admission,< 75% chance of admission,0.989056839500601
297,101,3,2.0,4.0,7.67,1,< 75% chance of admission,< 75% chance of admission,0.9957814681456545
300,98,1,2.0,2.5,8.02,0,< 75% chance of admission,< 75% chance of admission,0.9983656533404288
301,96,1,3.0,4.0,7.56,0,< 75% chance of admission,< 75% chance of admission,0.9988738252824999
313,94,2,2.5,1.5,8.13,0,< 75% chance of admission,< 75% chance of admission,0.9951480567165062
314,102,4,2.5,2.0,7.88,1,< 75% chance of admission,< 75% chance of admission,0.9754769524036102
317,101,3,3.0,2.0,7.94,1,< 75% chance of admission,< 75% chance of admission,0.9707591628045178
321,110,4,3.5,4.0,8.35,1,< 75% chance of admission,>= 75% chance of admission,0.5510658191087262
327,106,4,4.0,4.5,8.75,1,>= 75% chance of admission,>= 75% chance of admission,0.8595168441938437
315,104,3,4.0,2.5,8.1,0,< 75% chance of admission,< 75% chance of admission,0.9480037004159465
316,103,3,3.5,2.0,7.68,0,< 75% chance of admission,< 75% chance of admission,0.988917955025973
309,111,2,2.5,4.0,8.03,0,< 75% chance of admission,< 75% chance of admission,0.9614409725540685
308,102,2,2.0,3.5,7.98,1,< 75% chance of admission,< 75% chance of admission,0.9844509626025943
299,100,3,2.0,3.0,7.42,0,< 75% chance of admission,< 75% chance of admission,0.9991673730862908
321,112,3,3.0,4.5,8.95,1,>= 75% chance of admission,>= 75% chance of admission,0.8500844802854414
322,112,4,3.5,2.5,9.02,1,< 75% chance of admission,>= 75% chance of admission,0.8490067364799936
334,119,5,4.5,5.0,9.54,1,>= 75% chance of admission,>= 75% chance of admission,0.9986394674976895
325,114,5,4.0,5.0,9.46,1,>= 75% chance of admission,>= 75% chance of admission,0.9929395052753456
323,111,5,4.0,5.0,9.86,1,>= 75% chance of admission,>= 75% chance of admission,0.9962927512522732
312,106,3,3.0,5.0,8.57,0,< 75% chance of admission,< 75% chance of admission,0.7365882069718332
310,101,3,3.5,5.0,8.65,1,< 75% chance of admission,< 75% chance of admission,0.6627306422775013
316,103,2,2.0,4.5,8.74,0,< 75% chance of admission,< 75% chance of admission,0.8132342523486171
340,115,5,5.0,4.5,9.06,1,>= 75% chance of admission,>= 75% chance of admission,0.9953114962755204
311,104,3,4.0,3.5,8.13,1,< 75% chance of admission,< 75% chance of admission,0.8955308116845332
320,112,2,3.5,3.5,8.78,1,< 75% chance of admission,>= 75% chance of admission,0.6555182063199111
324,112,4,4.5,4.0,9.22,1,>= 75% chance of admission,>= 75% chance of admission,0.9695852782004651
316,111,4,4.0,5.0,8.54,0,< 75% chance of admission,>= 75% chance of admission,0.6099784777959365
306,103,3,3.5,3.0,8.21,0,< 75% chance of admission,< 75% chance of admission,0.9685606950360589
309,105,2,2.5,4.0,7.68,0,< 75% chance of admission,< 75% chance of admission,0.9916825638331408
310,110,1,1.5,4.0,7.23,1,< 75% chance of admission,< 75% chance of admission,0.9963131021683912
317,106,1,1.5,3.5,7.65,1,< 75% chance of admission,< 75% chance of admission,0.9886561271031532
318,110,1,2.5,3.5,8.54,1,< 75% chance of admission,< 75% chance of admission,0.7539219365664172
312,105,2,1.5,3.0,8.46,0,< 75% chance of admission,< 75% chance of admission,0.9604556197879857
305,104,2,2.5,1.5,7.79,0,< 75% chance of admission,< 75% chance of admission,0.9973332708887191
332,112,1,1.5,3.0,8.66,1,>= 75% chance of admission,< 75% chance of admission,0.5146245256045718
331,116,4,4.5,4.5,9.44,1,>= 75% chance of admission,>= 75% chance of admission,0.9947409142146194
321,114,5,4.5,4.5,9.16,1,>= 75% chance of admission,>= 75% chance of admission,0.9778433387140678
324,113,5,4.0,5.0,9.25,1,>= 75% chance of admission,>= 75% chance of admission,0.9849890228981673
328,116,5,4.5,5.0,9.08,1,>= 75% chance of admission,>= 75% chance of admission,0.9894220983276714
327,118,4,5.0,5.0,9.67,1,>= 75% chance of admission,>= 75% chance of admission,0.9978909020963546
320,108,3,3.5,5.0,8.97,1,>= 75% chance of admission,>= 75% chance of admission,0.8480349764321767
312,109,2,2.5,4.0,9.02,0,>= 75% chance of admission,< 75% chance of admission,0.6054424552934528
315,101,3,3.5,4.5,9.13,0,>= 75% chance of admission,>= 75% chance of admission,0.5667437123504829
320,112,4,3.0,4.5,8.86,1,>= 75% chance of admission,>= 75% chance of admission,0.8503235389901043
324,113,4,4.5,4.5,9.25,1,>= 75% chance of admission,>= 75% chance of admission,0.9791409085289923
328,116,4,5.0,3.5,9.6,1,>= 75% chance of admission,>= 75% chance of admission,0.9946990379680514
319,103,3,2.5,4.0,8.76,1,< 75% chance of admission,< 75% chance of admission,0.5630642325855689
310,105,2,3.0,3.5,8.01,0,< 75% chance of admission,< 75% chance of admission,0.9778594508425411
305,102,2,1.5,2.5,7.64,0,< 75% chance of admission,< 75% chance of admission,0.9985480131208083
299,100,2,2.0,2.0,7.88,0,< 75% chance of admission,< 75% chance of admission,0.9985828596085612
295,99,1,2.0,1.5,7.57,0,< 75% chance of admission,< 75% chance of admission,0.9997702632311737
312,100,1,3.0,3.0,8.53,1,< 75% chance of admission,< 75% chance of admission,0.9327802042516292
329,113,4,4.0,3.5,9.36,1,>= 75% chance of admission,>= 75% chance of admission,0.9810909708568513
319,105,4,4.0,4.5,8.66,1,>= 75% chance of admission,>= 75% chance of admission,0.692470484638956
301,102,3,2.5,2.0,8.13,1,< 75% chance of admission,< 75% chance of admission,0.987646158298616
307,105,4,3.0,3.0,7.94,0,< 75% chance of admission,< 75% chance of admission,0.9773682273370436
304,107,3,3.5,3.0,7.86,0,< 75% chance of admission,< 75% chance of admission,0.9846801302860858
298,97,2,2.0,3.0,7.21,0,< 75% chance of admission,< 75% chance of admission,0.9997714194169341
305,96,4,3.0,4.5,8.26,0,< 75% chance of admission,< 75% chance of admission,0.9651398560172167
314,99,4,3.5,4.5,8.73,1,< 75% chance of admission,< 75% chance of admission,0.5495481459898575
318,101,5,3.5,5.0,8.78,1,>= 75% chance of admission,>= 75% chance of admission,0.7312185173785457
323,110,4,4.0,5.0,8.88,1,>= 75% chance of admission,>= 75% chance of admission,0.9203669192032085
326,114,4,4.0,3.5,9.16,1,>= 75% chance of admission,>= 75% chance of admission,0.9626761519729768
320,110,5,4.0,4.0,9.27,1,>= 75% chance of admission,>= 75% chance of admission,0.9610898338889708
311,103,3,2.0,4.0,8.09,0,< 75% chance of admission,< 75% chance of admission,0.9720954836710337
327,116,4,4.0,4.5,9.48,1,>= 75% chance of admission,>= 75% chance of admission,0.9920418122787977
316,102,2,4.0,3.5,8.15,0,< 75% chance of admission,< 75% chance of admission,0.9429476618174637
308,105,4,3.0,2.5,7.95,1,< 75% chance of admission,< 75% chance of admission,0.9634982614372342
300,101,3,3.5,2.5,7.88,0,< 75% chance of admission,< 75% chance of admission,0.9946920280790043
304,104,3,2.5,2.0,8.12,0,< 75% chance of admission,< 75% chance of admission,0.989587855733412
309,105,4,3.5,2.0,8.18,0,< 75% chance of admission,< 75% chance of admission,0.958709711346993
318,103,3,4.0,4.5,8.49,1,< 75% chance of admission,< 75% chance of admission,0.5674830903757178
325,110,4,4.5,4.0,8.96,1,>= 75% chance of admission,>= 75% chance of admission,0.9324335160478767
321,102,3,3.5,4.0,9.01,1,>= 75% chance of admission,>= 75% chance of admission,0.7123666826425316
323,107,4,3.0,2.5,8.48,1,>= 75% chance of admission,< 75% chance of admission,0.5952971548781842
328,113,4,4.0,2.5,8.77,1,>= 75% chance of admission,>= 75% chance of admission,0.8610538065536556
304,103,5,5.0,3.0,7.92,0,< 75% chance of admission,< 75% chance of admission,0.9577919202039075
317,106,3,3.5,3.0,7.89,1,< 75% chance of admission,< 75% chance of admission,0.926453909762452
311,101,2,2.5,3.5,8.34,1,< 75% chance of admission,< 75% chance of admission,0.9428760882068
319,102,3,2.5,2.5,8.37,0,< 75% chance of admission,< 75% chance of admission,0.9330715331023308
327,115,4,3.5,4.0,9.14,0,>= 75% chance of admission,>= 75% chance of admission,0.9421244449494829
322,112,3,3.0,4.0,8.62,1,>= 75% chance of admission,>= 75% chance of admission,0.66772436781618
302,110,3,4.0,4.5,8.5,0,< 75% chance of admission,< 75% chance of admission,0.8083551976877836
307,105,2,2.5,4.5,8.12,1,< 75% chance of admission,< 75% chance of admission,0.9494315344154349
297,99,4,3.0,3.5,7.81,0,< 75% chance of admission,< 75% chance of admission,0.9951798489658287
298,101,4,2.5,4.5,7.69,1,< 75% chance of admission,< 75% chance of admission,0.9899276545617921
300,95,2,3.0,1.5,8.22,1,< 75% chance of admission,< 75% chance of admission,0.994742944474956
301,99,3,2.5,2.0,8.45,1,< 75% chance of admission,< 75% chance of admission,0.9779596997156166
332,108,5,4.5,4.0,9.02,1,>= 75% chance of admission,>= 75% chance of admission,0.970536735423837
337,117,5,5.0,5.0,9.87,1,>= 75% chance of admission,>= 75% chance of admission,0.999573969751829
330,120,5,4.5,5.0,9.56,1,>= 75% chance of admission,>= 75% chance of admission,0.9983862819093711
312,103,4,4.0,5.0,8.43,0,< 75% chance of admission,< 75% chance of admission,0.7264616782208806
327,113,4,4.5,4.5,9.04,0,>= 75% chance of admission,>= 75% chance of admission,0.948995469124119
